,player_name,team,average_speed(km/h),max_speed(km/h),total_distance(m)
0,오지영,1,5.973237168375033,21.148957421111806,199.61
1,손명준,1,5.42673192727364,11.476166607365021,181.34
2,김성욱,1,1.1230800978677355,7.903619424036054,37.53
3,신대근,1,7.367830798027577,26.98693016999155,246.21
4,서한울,0,4.976710048821218,25.615151766093437,166.31
5,김성일,0,6.1920914511503,35.53722555293252,206.92
6,강동욱,0,4.936109930538851,12.310970717209914,164.95
7,가윤성,0,2.6114784291256665,34.46152637362425,87.27
