,player_name,team,average_speed(km/h),max_speed(km/h),total_distance(m),pass_success_count,pass_fail_count,pass_intercept_count,pass_success_rate(%)
0,오지영,1,5.973237168375033,21.148957421111806,199.61,8,7,8,53.33
1,손명준,1,5.42673192727364,11.476166607365021,181.34,1,5,3,16.67
2,김성욱,1,1.1230800978677355,7.903619424036054,37.53,5,1,4,83.33
3,신대근,1,7.367830798027577,26.98693016999155,246.21,1,10,7,9.09
4,서한울,0,4.976710048821218,25.615151766093437,166.31,9,4,6,69.23
5,김성일,0,6.1920914511503,35.53722555293252,206.92,5,10,9,33.33
6,강동욱,0,4.936109930538851,12.310970717209914,164.95,5,7,6,41.67
7,가윤성,0,2.6114784291256665,34.46152637362425,87.27,5,1,2,83.33
